datetime,PM25_UG_PER_CUBIC_METER,TEMPERATURE_CELSIUS,WIND_SPEED_METERS_PER_SECOND,OZONE_PPM,NO2_PPB,CO_PPM,SO2_PPB
2019-01-01,9.55,6.601852,1.434014,0.034,13.3572465,0.4524455,0.454167
2019-01-02,9.55,6.601852,1.434014,0.034,13.3572465,0.4524455,0.454167
2019-01-03,8.316666666666666,10.549383,1.4215816000000001,0.02816666666666667,25.789709666666667,0.6233585,0.4375
2019-01-04,12.6,8.606482,2.04063,0.0205,27.7395835,0.75625,0.6125
2019-01-05,13.85,8.2511575,2.347153,0.0275,20.1083335,0.6479165,0.429167
2019-01-06,5.233333333333333,10.870756499999999,1.2633898,0.038,8.481944499999999,0.2951388333333333,0.05416699999999999
2019-01-07,3.9,11.880787000000002,2.239977,0.028000000000000004,12.075,0.38958349999999997,0.11666700000000002
2019-01-08,6.85,11.9687505,2.257125,0.025500000000000002,19.6308335,0.551488,0.2625
2019-01-09,14.366666666666667,13.480710666666667,1.1364221666666665,0.024666666666666667,23.702083166666668,0.7402778333333333,0.391667
2019-01-10,14.2,13.270834,1.652653,0.021,21.691667,0.6875,0.266667
2019-01-11,7.2,7.458333,1.5333279526563237,0.024,18.295652,0.530435,0.43133266328927133
2019-01-12,6.014285714285714,11.110450571428572,1.3890001666666667,0.03157142857142857,11.333359285714286,0.373913,0.11666700000000002
2019-01-13,5.6,9.760417,1.556195,0.0335,12.825725,0.4144925,0.133333
2019-01-14,3.75,8.787038,3.781167,0.024,12.203623,0.290127,0.08333299999999999
2019-01-15,4.242857142857143,10.86871742857143,1.9109468333333333,0.031,11.998162428571428,0.34450483333333337,0.03333300000000003
2019-01-16,1.9500000000000002,12.6921295,2.488625,0.026500000000000003,10.645199,0.31096,0.04166700000000001
2019-01-17,5.1,15.381945,2.201394,0.022,13.375,0.295833,0.016666999999999987
2019-01-18,9.283333333333333,13.736497166666666,0.8655526,0.028333333333333335,14.666287833333334,0.4339646666666666,0.32090105824337023
2019-01-19,6.699999999999999,13.877315,2.017051,0.0325,16.4207425,0.478895,0.1375
2019-01-20,4.55,14.179397000000002,2.066352,0.03,12.914221,0.3561595,0.11249999999999999
2019-01-21,2.1142857142857143,12.586640571428571,2.6929741666666662,0.04114285714285714,5.102924428571429,0.21648557142857142,0.004166999999999976
2019-01-22,6.2,14.344907,1.832708,0.023,23.275,0.55,0.366667
2019-01-23,6.6,10.233797,2.186389,0.026000000000000002,24.455237,0.6087940000000001,0.366667
2019-01-24,7.333333333333333,14.8163585,1.4241536,0.029166666666666664,24.8205315,0.6747885,0.420833
2019-01-25,5.2,8.530093,1.5333279526563237,0.035,19.034783,0.486957,0.45382239397511426
2019-01-26,6.550000000000001,13.9849535,1.794125,0.033,23.0171195,0.5590579999999999,1.3791669999999998
2019-01-27,9.128571428571428,16.626653714285712,1.201085,0.04028571428571428,20.136205999999998,0.6399068571428571,0.675
2019-01-28,14.55,14.136574,1.757685,0.0215,30.374275,0.7399455,1.05
2019-01-29,19.2,15.8090275,1.378283,0.0285,24.554347500000002,0.6992750000000001,0.970833
2019-01-30,18.67142857142857,14.388558285714286,0.7870284999999999,0.02914285714285714,21.6375,0.5321428571428571,0.291667
2019-01-31,16.3,13.652779,2.171384,0.018,21.325,0.491667,0.147619
2019-02-01,7.0,13.361111,1.708384,0.027,19.416667,0.38749999999999996,0.179167
2019-02-02,4.633333333333334,11.626543499999999,2.1195114,0.035166666666666666,8.864734333333333,0.2649636,0.025000000000000022
2019-02-03,2.5,10.693287999999999,1.839139,0.035500000000000004,6.2288045,0.181703,0.037500000000000006
2019-02-04,2.1,10.4224535,1.922736,0.038,8.917262000000001,0.1791665,0.05416699999999999
2019-02-05,2.6333333333333333,9.564814833333333,1.7744761666666669,0.03833333333333333,9.489251166666667,0.25625016666666667,0.00833299999999998
2019-02-06,1.7000000000000002,6.54051,3.369611,0.037000000000000005,6.4490035,0.181612,0.045832999999999985
2019-02-07,6.05,6.9004635,2.35787,0.0325,21.390398500000003,0.3958335,0.204167
2019-02-08,8.985714285714286,9.540013714285715,1.5622678333333333,0.037571428571428575,21.284808571428574,0.4955227142857143,0.3
2019-02-09,4.6,9.0081015,2.186389,0.039999999999999994,9.274366,0.278714,0.125
2019-02-10,1.8,7.9131945,2.793005,0.0395,5.407337,0.215942,0.091667
2019-02-11,5.328571428571428,8.925596285714287,1.5001056666666666,0.03885714285714286,17.12919257142857,0.3997927142857143,0.1875
2019-02-12,7.95,9.087963,2.231403,0.033,25.015942,0.5101450000000001,0.25
2019-02-13,6.4,9.784723,2.943051,0.032,20.3625,0.38831499999999997,0.158333
2019-02-14,3.6142857142857143,13.04596542857143,2.1978208333333336,0.034428571428571426,9.600275142857143,0.2619517142857143,0.0
2019-02-15,3.35,9.913195,1.824134,0.037000000000000005,8.8602355,0.301721,0.07083299999999998
2019-02-16,1.65,8.9108795,3.063088,0.0395,3.903261,0.21204699999999999,0.0
2019-02-17,2.814285714285714,8.622685,2.0331276666666667,0.04014285714285715,5.553597428571429,0.250595,0.004166999999999976
2019-02-18,1.75,6.8240755,1.909875,0.038,6.669565,0.24356850000000002,0.04999999999999996
2019-02-19,3.4,3.983797,1.5333279526563237,0.042,10.043478,0.25652200000000003,0.18024162417345171
2019-02-20,6.8999999999999995,7.899050285714286,1.5872753333333334,0.03428571428571429,16.23566257142857,0.3947981428571429,0.09090900000000002
2019-02-21,3.25,6.0300934999999996,2.036343,0.036000000000000004,11.2214675,0.304348,-0.004545000000000021
2019-02-22,2.5,4.358796,1.5333279526563237,0.043,11.017391,0.252174,0.2098751276815461
2019-02-23,7.557142857142857,9.813162,1.478313166666667,0.044,16.444384,0.44658385714285714,0.07500000000000001
2019-02-24,6.699999999999999,10.540509499999999,1.828422,0.0435,15.3655795,0.37219199999999997,0.0
2019-02-25,9.6,13.0775465,1.622644,0.0415,20.575188999999998,0.480682,0.10416700000000001
2019-02-26,14.900000000000002,13.175265,1.071045,0.03928571428571429,21.328105714285716,0.5006470000000001,0.3
2019-02-27,5.8,11.736112,1.5333279526563237,0.04,9.091304,0.26087,0.151269578857991
2019-02-28,1.2,13.590279,1.5333279526563237,0.039,3.856522,0.204348,-0.008010491087794003
2019-03-01,9.533333333333333,14.842593166666667,0.9800167999999999,0.031166666666666665,12.026207833333332,0.3114735,0.2405706591813905
2019-03-02,3.0,13.469907,1.995616,0.033,7.198188,0.225,0.012500000000000011
2019-03-03,1.55,13.0,2.038486,0.035,3.6186594999999997,0.2083335,0.004166999999999976
2019-03-04,3.7428571428571433,13.214617285714285,1.1260618333333332,0.03357142857142857,10.45033657142857,0.31022257142857146,0.04999999999999996
2019-03-05,7.699999999999999,12.834491499999999,1.676231,0.028999999999999998,17.290942,0.37681200000000004,0.40076209147267433
2019-03-06,3.2,12.1203715,2.490769,0.032,10.558786,0.2501815,0.19592103437307845
2019-03-07,3.6333333333333333,12.559028333333332,1.4824574,0.0405,9.564462666666666,0.2666665,0.066667
2019-03-08,2.35,9.4131955,2.657963,0.041999999999999996,6.471558,0.2395835,0.0
2019-03-09,4.25,9.776621,2.068495,0.041499999999999995,7.9906705,0.2479165,0.04166700000000001
2019-03-10,5.228571428571429,10.697089857142856,1.1603581666666667,0.04285714285714286,10.464053000000002,0.3447202857142857,0.07083299999999998
2019-03-11,3.95,11.483797,1.794125,0.0385,13.873369499999999,0.328442,0.07916699999999999
2019-03-12,5.75,13.6250015,2.029912,0.0405,10.8105075,0.254438,0.11249999999999999
2019-03-13,6.628571428571428,13.170304571428572,1.721602833333333,0.045142857142857144,10.78607657142857,0.2946688571428572,0.091667
2019-03-14,4.1,11.168981500000001,2.072783,0.0465,17.832971,0.40353249999999996,0.19
2019-03-15,3.75,13.0763885,1.509037,0.045,20.1677535,0.40344199999999997,0.208333
2019-03-16,6.028571428571429,18.00396914285714,1.4686674999999998,0.054142857142857145,17.570755714285713,0.47624242857142857,0.279167
2019-03-17,5.0,17.6006955,2.124227,0.0505,13.808423999999999,0.32626849999999996,0.154167
2019-03-18,8.95,17.2997675,1.950602,0.054,19.048913,0.38967399999999996,0.333333
2019-03-19,12.085714285714285,15.214616571428573,1.5829886666666668,0.04814285714285714,15.322601857142857,0.378304,0.16
2019-03-20,4.55,12.570602000000001,1.521898,0.0435,7.9961955,0.24375,0.013635999999999981
2019-03-21,3.7,10.965278000000001,1.959176,0.040999999999999995,10.961503500000001,0.30000000000000004,0.0625
2019-03-22,5.183333333333334,13.041666833333332,1.2526726,0.045000000000000005,12.229710166666665,0.3701388333333333,0.0875
2019-03-23,5.9,13.262732,2.074926,0.041,8.34375,0.2651785,0.0625
2019-03-24,8.3,14.550927,1.821991,0.0495,7.9666665000000005,0.29846,0.095833
2019-03-25,10.666666666666666,15.982253333333333,1.4713112,0.051166666666666666,17.265640166666667,0.4360808333333333,0.129167
2019-03-26,10.05,15.369213,2.023481,0.0505,17.633605,0.397645,0.2125
2019-03-27,7.4,15.893519,2.572222,0.028,11.870833,0.283333,0.078261
2019-03-28,4.216666666666667,15.0351085,1.7546844,0.041666666666666664,9.323943166666668,0.293297,0.045832999999999985
2019-03-29,6.6499999999999995,14.109953,1.697667,0.0435,11.542029,0.3028985,0.179167
2019-03-30,7.2,16.5,2.137088,0.0525,12.643025,0.333062,0.154167
2019-03-31,7.642857142857143,19.758928714285712,1.4433026666666666,0.0642857142857143,12.980874857142856,0.4047618571428572,0.225
2019-04-01,8.9,19.444445333333334,1.8723635,0.05433333333333334,19.706703,0.46177533333333337,0.25
2019-04-02,6.966666666666666,16.378857999999997,2.3214305,0.04566666666666667,8.150724666666667,0.224577,0.1
2019-04-03,3.6999999999999997,15.15244742857143,1.4007895000000001,0.03642857142857143,7.985067285714286,0.226501,0.06315799999999999
2019-04-04,2.966666666666667,14.334877,1.6676575,0.034999999999999996,8.816002333333333,0.21062766666666666,0.114286
2019-04-05,2.1333333333333333,14.570988333333332,2.115653,0.03466666666666667,6.533212333333334,0.20277766666666666,0.058333000000000024
2019-04-06,3.971428571428571,16.362434285714286,1.212517,0.044,7.446713142857143,0.2441252857142857,0.10833300000000001
2019-04-07,7.2,18.795525,1.2861115,0.04633333333333334,12.250724666666665,0.36292300000000005,0.254167
2019-04-08,9.666666666666666,21.571759,1.603352,0.044000000000000004,17.754891333333333,0.4844203333333333,0.295833
2019-04-09,8.057142857142857,19.003306857142857,2.907683,0.05071428571428571,9.535429714285714,0.30015528571428574,0.258333
2019-04-10,2.6666666666666665,17.512346,4.0115955,0.047999999999999994,4.777355,0.17650966666666668,0.04999999999999996
2019-04-11,8.033333333333333,16.172839999999997,1.621572,0.03966666666666666,15.424758666666667,0.305616,0.345833
2019-04-12,7.8999999999999995,16.789021714285713,1.8484276666666668,0.046285714285714284,10.467908857142858,0.2791925714285714,0.08333299999999999
2019-04-13,7.566666666666666,17.504630333333335,1.860574,0.050666666666666665,12.401569666666665,0.316244,0.170833
2019-04-14,8.466666666666667,17.118056,1.8252059999999999,0.05466666666666667,8.914734666666666,0.29583333333333334,0.204167
2019-04-15,9.214285714285714,15.427249285714286,1.4522341666666667,0.046714285714285715,11.903079714285713,0.2911491428571429,0.191667
2019-04-16,6.333333333333333,14.473766333333332,1.891655,0.03833333333333334,7.180978333333333,0.180616,0.04166700000000001
2019-04-17,7.066666666666666,16.70987633333333,1.7533984999999999,0.045000000000000005,13.899034,0.3187196666666667,0.283333
2019-04-18,11.333333333333334,20.564429999999998,1.4993913333333335,0.059666666666666666,18.707639,0.4395833333333334,0.329167
2019-04-19,19.0,16.247685,1.8680765,0.0435,12.2375,0.31666649999999996,0.154167
2019-04-20,8.45,15.208334,1.803771,0.04,6.2166665000000005,0.21666649999999998,0.037500000000000006
2019-04-21,6.833333333333333,15.630787666666668,1.3472015,0.050666666666666665,5.521528,0.22986116666666667,0.1
2019-04-22,12.8,16.531250999999997,1.6322895,0.038,14.7395835,0.3354165,0.2375
2019-04-23,13.700000000000001,19.39814966666667,1.6440785,0.043666666666666666,13.621074666666667,0.29365933333333333,0.2875
2019-04-24,13.599999999999998,19.859788428571427,1.411507,0.05385714285714286,14.31206,0.3123708571428572,0.183333
2019-04-25,14.399999999999999,20.443673,1.7148145000000001,0.04866666666666667,10.657548,0.23369566666666666,0.145833
2019-04-26,14.1,19.21605,1.9816829999999999,0.04900000000000001,9.011352333333333,0.240942,0.120833
2019-04-27,15.285714285714286,17.343254857142856,1.1892953333333334,0.04814285714285715,6.898369428571429,0.24883542857142857,0.0625
2019-04-28,8.6,18.520062666666664,1.599065,0.041666666666666664,5.927053333333333,0.18743933333333332,0.0875
2019-04-29,5.8,15.442901999999998,1.9120190000000001,0.03466666666666667,6.079227333333333,0.17210133333333333,0.045832999999999985
2019-04-30,5.442857142857143,15.266865571428571,1.4958186666666666,0.04171428571428571,6.686309428571429,0.2085144285714286,0.04166700000000001
2019-05-01,8.25,16.5520845,2.315,0.0465,7.5066120000000005,0.174638,0.045832999999999985
2019-05-02,12.233333333333334,17.283951666666667,1.65694,0.049999999999999996,11.288038,0.28300933333333333,0.07777800000000001
2019-05-03,14.042857142857143,18.115742,1.3375558333333333,0.057999999999999996,11.223584,0.30340585714285717,0.145833
2019-05-04,13.799999999999999,18.602625,1.8316365,0.05733333333333334,5.706401333333333,0.200121,0.11666700000000002
2019-05-05,10.533333333333333,16.855711333333332,2.073854,0.049666666666666665,3.808514333333333,0.14963766666666667,0.07916699999999999
2019-05-06,4.128571428571428,16.026785999999998,1.5783441666666667,0.04042857142857143,5.660766142857143,0.181651,0.07916699999999999
2019-05-07,4.633333333333333,16.097993666666667,1.677303,0.034333333333333334,6.56363,0.15664266666666668,0.133333
2019-05-08,5.266666666666667,17.070989,1.816632,0.037,6.387439666666666,0.16521733333333333,0.120833
2019-05-09,5.333333333333333,16.1574075,0.9714427999999999,0.035333333333333335,8.9389795,0.20978266666666667,0.158333
2019-05-10,3.4,15.837192,1.23038,0.03233333333333333,10.118176666666665,0.22481900000000002,0.145833
2019-05-11,5.066666666666666,18.435186333333334,1.744824,0.043000000000000003,8.453200666666667,0.2634056666666667,0.191667
2019-05-12,8.157142857142857,18.986773,1.4082916666666667,0.053,5.881547571428571,0.217029,0.11249999999999999
2019-05-13,9.266666666666666,19.592592333333332,1.6740884999999999,0.04766666666666667,6.602174000000001,0.17620766666666668,0.04999999999999996
2019-05-14,10.933333333333332,19.618829,1.7298195,0.05333333333333334,8.068176333333334,0.20114733333333334,0.0625
2019-05-15,9.9,17.093916,1.412579,0.04342857142857143,8.084896857142857,0.2166425714285714,0.08333299999999999
2019-05-16,4.8,15.322671666666665,3.042335,0.044333333333333336,5.874034000000001,0.12361133333333334,0.058333000000000024
2019-05-17,6.666666666666667,15.080247,2.0309844999999997,0.04533333333333334,8.636171666666668,0.19999999999999998,0.133333
2019-05-18,8.557142857142857,16.20866442857143,1.489031,0.05128571428571428,8.293685142857143,0.22448242857142858,0.191667
2019-05-19,3.8666666666666667,13.089505666666668,2.779072,0.04533333333333334,3.0073670000000003,0.1125,0.016666999999999987
2019-05-20,3.8000000000000003,14.892747,2.5293520000000003,0.04733333333333334,5.527083,0.12361133333333334,0.07083299999999998
2019-05-21,6.483333333333333,15.624615,1.8223481666666668,0.042666666666666665,6.533484166666667,0.20899766666666666,0.1375
2019-05-22,6.6,15.651622,1.7812640000000002,0.0385,11.110417,0.2270835,0.129167
2019-05-23,7.2,15.543983,1.751255,0.036,9.054167,0.229167,0.15013960172473567
2019-05-24,7.4799999999999995,16.4606482,1.4768843999999999,0.0408,10.477500000000001,0.32446980000000003,0.19344772416348177
2019-05-25,8.1,16.2581025,1.673016,0.0395,9.691666999999999,0.27708299999999997,0.179167
2019-05-26,5.15,14.349537,2.1467335,0.041499999999999995,4.293749999999999,0.164583,0.095833
2019-05-27,5.75,14.374999833333334,1.2235918333333333,0.04716666666666666,6.024999833333333,0.240278,0.120833
2019-05-28,7.9,16.547452999999997,1.5390465,0.038,12.883333,0.31875,0.233333
2019-05-29,9.95,18.0231475,1.6933799999999999,0.0395,13.335984500000002,0.300189,0.275
2019-05-30,12.916666666666666,18.874054,1.2389538,0.05433333333333334,10.823313,0.2969486666666667,0.1875
2019-05-31,11.666666666666666,18.683641333333334,1.5883475,0.052333333333333336,8.614718,0.2526623333333333,0.10833300000000001
2019-06-01,7.8999999999999995,18.34876733333333,1.848785,0.04666666666666666,5.673127999999999,0.23345433333333335,0.0875
2019-06-02,6.642857142857143,17.609788714285713,1.3161205,0.045714285714285714,5.259989714285715,0.24875771428571428,0.095833
2019-06-03,7.666666666666667,19.679013666666666,1.780192,0.048666666666666664,7.004408000000001,0.25295866666666667,0.10833300000000001
2019-06-04,10.566666666666666,21.287036666666665,1.4865305,0.04966666666666667,8.855133,0.279227,0.11249999999999999
2019-06-05,12.5,20.972994833333335,1.2278076,0.05683333333333334,10.398169166666667,0.3160351666666667,0.170833
2019-06-06,8.0,21.495369999999998,1.6644424999999998,0.05266666666666667,6.8746376666666675,0.2641906666666667,0.11666700000000002
2019-06-07,6.8999999999999995,19.93673,1.811273,0.04833333333333333,6.924336,0.229831,0.141667
2019-06-08,8.157142857142857,21.010581714285713,1.4275836666666668,0.05757142857142857,6.796532142857143,0.2757765714285714,0.170833
2019-06-09,10.666666666666666,22.426698000000002,1.7019540000000002,0.05433333333333334,6.827959,0.2565823333333333,0.158333
2019-06-10,9.233333333333333,25.102622999999998,1.719102,0.05833333333333333,13.498128,0.3356883333333333,0.304167
2019-06-11,11.966666666666667,27.003858499999996,1.3924298,0.07166666666666667,15.825362499999999,0.3714975,0.429167
2019-06-12,11.45,25.483797,1.944172,0.051,11.529801,0.308062,0.329167
2019-06-13,12.5,23.0775455,2.012764,0.0495,6.8058879999999995,0.24039850000000001,0.166667
2019-06-14,10.557142857142859,19.772818,1.4268688333333335,0.045571428571428575,7.5036445714285716,0.2525467142857143,0.15
2019-06-15,9.133333333333333,21.688271666666665,1.7694745,0.04833333333333333,4.696074666666667,0.21878033333333335,0.154167
2019-06-16,10.0,21.135031333333334,1.6237149999999998,0.04733333333333334,4.7075483333333334,0.22862333333333332,0.129167
2019-06-17,6.685714285714285,19.681217142857143,1.4004321666666666,0.044571428571428574,8.507738142857143,0.24803314285714287,0.2125
2019-06-18,8.3,23.427084999999998,1.727676,0.05,7.751539999999999,0.2499095,0.11050423206210824
2019-06-19,8.633333333333333,22.85802533333333,1.9656065000000003,0.054,6.154529,0.24553166666666668,0.11249999999999999
2019-06-20,7.3428571428571425,19.854167,1.5279713333333333,0.045,7.286076571428572,0.23840571428571428,0.208333
2019-06-21,3.8000000000000003,18.940587333333333,1.7791204999999999,0.032999999999999995,5.869044,0.19210033333333332,0.133333
2019-06-22,6.2,20.888889666666667,2.0899305,0.043666666666666666,4.008876666666667,0.19607466666666665,0.10833300000000001
2019-06-23,9.0,20.657408,1.3639925000000002,0.054142857142857145,4.5389795,0.23633542857142856,0.058333000000000024
2019-06-24,9.566666666666666,21.412808666666667,1.634433,0.04966666666666667,7.375543333333333,0.22536233333333333,0.07916699999999999
2019-06-25,7.400000000000001,20.597222333333335,1.682662,0.044000000000000004,7.028914,0.22244733333333333,0.10416700000000001
2019-06-26,6.966666666666666,20.0694445,1.3508456,0.049999999999999996,7.381466666666667,0.23143366666666668,0.0875
2019-06-27,7.833333333333333,21.223766666666666,1.648366,0.053,7.657246333333333,0.2041666666666667,0.133333
2019-06-28,8.533333333333333,21.628859000000002,1.6805185,0.053,7.959903333333334,0.199819,0.141667
2019-06-29,9.566666666666666,23.065202166666666,1.354275,0.06016666666666667,12.091908333333334,0.31295283333333335,0.354167
2019-06-30,9.533333333333333,23.61497,1.841283,0.054,8.175302,0.23164266666666666,0.429167
2019-07-01,10.533333333333333,23.766203333333333,1.71803,0.05033333333333334,9.888767999999999,0.244505,0.533333
2019-07-02,12.471428571428572,22.75165442857143,1.4654521666666669,0.05814285714285715,9.944078571428571,0.2459522857142857,0.370833
2019-07-03,12.666666666666666,21.992283333333333,1.856287,0.050333333333333334,6.7326690000000005,0.17946866666666664,0.2125
2019-07-04,21.53333333333333,21.859567666666663,1.9726895,0.04766666666666667,4.437560333333333,0.16950500000000002,0.225
2019-07-05,33.65714285714286,21.520503142857144,1.322551,0.05728571428571429,8.021997857142857,0.25556414285714285,0.229167
2019-07-06,13.299999999999999,22.307100333333334,1.761972,0.054,6.144867333333333,0.19601433333333332,0.170833
2019-07-07,10.166666666666666,21.469136333333335,1.737322,0.051666666666666666,3.6966183333333333,0.1680556666666667,0.133333
2019-07-08,10.728571428571428,20.214617142857144,1.5229701666666668,0.048285714285714286,6.477510285714286,0.20362314285714286,0.170833
2019-07-09,10.4,22.263117333333337,1.8830814999999999,0.050666666666666665,7.077113333333333,0.19456533333333334,0.204167
2019-07-10,10.733333333333334,22.799383333333335,1.7844795,0.051,8.664372,0.2196256666666667,0.295833
2019-07-11,12.5,23.97321542857143,1.3500595000000002,0.05671428571428572,13.903902428571428,0.3201904285714286,0.645833
2019-07-12,12.366666666666667,24.842592333333332,1.5969215,0.05633333333333334,12.274214666666666,0.261413,0.591667
2019-07-13,13.0,24.97685233333333,1.716958,0.055,9.437983333333333,0.23882833333333334,0.5875
2019-07-14,14.014285714285714,24.63822842857143,1.3407710000000002,0.06742857142857142,6.417934833333334,0.2587214285714286,0.183333
2019-07-15,12.566666666666668,25.072530666666665,1.4650954999999999,0.050333333333333334,11.562319,0.2583333333333333,0.35
2019-07-16,13.333333333333334,24.939044666666664,1.7576855,0.05100000000000001,14.064855,0.272947,0.8375
2019-07-17,10.328571428571427,22.840467999999998,1.6358618333333332,0.046571428571428576,7.933116500000001,0.219104,0.4
2019-07-18,8.833333333333334,22.890433666666667,2.036343,0.04133333333333333,6.720592,0.17874400000000001,0.258333
2019-07-19,5.766666666666667,22.108024999999998,1.9013005,0.04033333333333333,6.477354999999999,0.155918,0.295833
2019-07-20,7.557142857142857,22.271825857142858,1.422582,0.050571428571428566,6.059705142857142,0.20067285714285713,0.2125
2019-07-21,5.0,25.1712955,2.145662,0.0435,3.270562,0.104529,-0.025839648020295147
2019-07-22,9.333333333333334,25.435957000000002,1.542262,0.04699999999999999,10.526872,0.24402166666666666,0.545833
2019-07-23,10.5,28.001929166666667,1.588776,0.063,15.242008833333335,0.3297705,0.5125
2019-07-24,10.333333333333334,28.645832666666667,1.767331,0.052333333333333336,12.456038999999999,0.270471,0.604167
2019-07-25,12.633333333333333,27.76003233333333,1.5754860000000002,0.05533333333333334,15.527898666666667,0.318116,0.779167
2019-07-26,13.9,27.483466857142854,1.3661358333333335,0.060714285714285714,15.362965714285716,0.3216357142857143,0.783333
2019-07-27,9.6,27.485341333333334,1.644079,0.05466666666666667,9.836835666666667,0.23520566666666665,0.816667
2019-07-28,9.933333333333334,26.491512999999998,1.5979934999999998,0.04466666666666667,7.816425,0.1989736666666667,0.520833
2019-07-29,11.328571428571427,24.339286714285713,1.3486304999999998,0.06328571428571429,10.288405857142857,0.26350942857142856,0.3375
2019-07-30,12.433333333333332,25.310922333333334,1.713743,0.056333333333333326,8.435353333333333,0.20101,0.304167
2019-07-31,12.033333333333331,24.506174333333334,1.7609005,0.054,7.665317999999999,0.20084533333333332,0.245833
2019-08-01,10.157142857142857,24.429161714285716,1.2782516666666668,0.061285714285714284,13.34006214285714,0.2984212857142857,0.4375
2019-08-02,9.466666666666667,25.341048666666666,1.6001365,0.055999999999999994,12.935205333333334,0.2743356666666667,0.5125
2019-08-03,9.933333333333334,25.174383666666667,1.615141,0.058666666666666666,11.772705666666667,0.26491533333333334,0.566667
2019-08-04,10.171428571428573,25.33630971428571,1.2761083333333334,0.06814285714285714,9.962914,0.28524842857142857,0.45
2019-08-05,9.166666666666666,25.478396000000004,1.8219910000000001,0.05333333333333332,9.987802,0.240942,0.3375
2019-08-06,11.024999999999999,25.173613,1.949173,0.05275,11.8994565,0.26997275,0.4
2019-08-07,11.342857142857143,23.559304142857144,1.3704228333333333,0.058857142857142865,10.941434,0.27137685714285714,0.341667
2019-08-08,11.333333333333334,23.567902333333333,1.5658400000000001,0.051,10.149669333333334,0.22546999999999998,0.2625
2019-08-09,10.1,23.31327166666667,1.581917,0.052,11.737439333333334,0.24649766666666664,0.404167
2019-08-10,9.042857142857143,22.644841857142858,1.3432718333333333,0.054285714285714284,10.453183285714285,0.2986284285714286,0.604167
2019-08-11,6.933333333333334,22.831789666666666,1.6708725,0.044000000000000004,5.571074666666667,0.16564033333333333,0.295833
2019-08-12,9.533333333333333,22.98534033333333,1.6730165000000001,0.052,9.62814,0.20700500000000002,0.3
2019-08-13,11.433333333333332,24.307363,1.1673602,0.06433333333333334,13.656038666666667,0.3195651666666667,0.2901619447656098
2019-08-14,10.233333333333333,24.236113333333332,1.9205925,0.05433333333333334,10.461654333333334,0.2538646666666667,0.245833
2019-08-15,10.533333333333333,24.426697333333333,1.820919,0.056333333333333326,11.621497333333332,0.238587,0.283333
2019-08-16,10.028571428571428,23.364198000000002,1.4658093333333333,0.05542857142857143,11.957971142857144,0.27106614285714287,0.3625
2019-08-17,5.1000000000000005,23.287037666666667,1.69981,0.042,4.560507333333334,0.13749999999999998,0.270833
2019-08-18,4.8,22.922839999999997,1.8423545,0.039,4.007246333333334,0.11902166666666668,0.233333
2019-08-19,8.371428571428572,22.548744,1.2332378333333334,0.052142857142857144,10.510067142857142,0.25150085714285714,0.258333
2019-08-20,8.333333333333334,24.452162333333334,1.5840605,0.05366666666666667,13.939190666666667,0.2798913333333333,0.641667
2019-08-21,10.5,25.563273,1.4232965,0.056,16.954770333333332,0.30899766666666667,0.795833
2019-08-22,11.857142857142858,23.528165166666668,1.6326466666666668,0.05814285714285715,12.50359957142857,0.2774031428571429,0.570833
2019-08-23,9.6,21.939817,1.742681,0.043,6.2125,0.120833,0.06367546271710764
2019-08-24,9.85,23.925926,1.6097825000000001,0.052,10.845832999999999,0.28541649999999996,0.4125
2019-08-25,9.0,25.331789833333332,1.2975433333333333,0.058666666666666666,10.686110999999999,0.3277778333333333,0.470833
2019-08-26,9.266666666666667,27.204476666666665,1.564769,0.053,12.716847666666666,0.29112333333333335,0.683333
2019-08-27,9.566666666666666,26.68904433333333,1.597993,0.04933333333333334,10.586364666666666,0.24586966666666665,0.641667
2019-08-28,9.5,24.4591065,1.3782824,0.04833333333333333,8.398585333333333,0.251859,0.4625
2019-08-29,8.3,26.6539355,1.661227,0.049,7.873822499999999,0.172011,0.11422495341270994
2019-08-30,10.333333333333334,26.541666666666668,1.6151415,0.05399999999999999,13.449166666666665,0.29444466666666663,0.833333
2019-08-31,11.028571428571428,25.15013314285714,1.1682176666666666,0.06385714285714286,12.028027857142858,0.34526399999999996,0.7750000000000001
2019-09-01,10.566666666666666,26.226082,1.4447315,0.052333333333333336,9.297524000000001,0.24728266666666668,0.5875
2019-09-02,10.833333333333334,27.39583433333333,1.4629515,0.04833333333333334,7.964009666666667,0.2265096666666667,0.425
2019-09-03,10.42,27.923149000000002,1.4305844,0.046,16.194242199999998,0.3847726,0.472727
2019-09-04,9.866666666666667,28.347222666666667,1.652653,0.050666666666666665,16.359541333333336,0.33297099999999996,0.55
2019-09-05,9.666666666666666,28.10416766666667,1.5529795,0.04766666666666667,15.080314000000001,0.289191,0.579167
2019-09-06,9.542857142857143,26.90377,1.3336258333333333,0.05257142857142857,13.989441,0.3174688571428571,0.616667
2019-09-07,9.200000000000001,25.685185,1.714815,0.04566666666666667,9.948007333333335,0.23182366666666665,0.720833
2019-09-08,8.5,21.714506999999998,1.3739955,0.041,7.505797,0.196739,0.479167
2019-09-09,10.428571428571429,21.404431285714285,1.2953998333333334,0.05142857142857143,10.718607857142857,0.2871891428571428,0.3875
2019-09-10,9.833333333333334,20.99382866666667,1.8369955,0.045000000000000005,6.699335666666667,0.14861100000000002,0.236842
2019-09-11,9.266666666666667,21.886574333333332,1.6505095,0.049666666666666665,10.299878999999999,0.21992766666666666,0.316667
2019-09-12,11.014285714285714,24.029321999999997,1.19001,0.059000000000000004,17.095652142857144,0.41433771428571425,0.383333
2019-09-13,10.0,25.699075000000004,1.6012080000000002,0.05566666666666666,18.189130333333335,0.3875,0.4375
2019-09-14,10.766666666666666,26.577162,1.430799,0.06766666666666667,14.550603666666667,0.3576086666666667,0.6
2019-09-15,12.928571428571429,24.534337833333336,1.069973,0.06142857142857143,13.917262,0.4048394285714286,0.466667
2019-09-16,10.700000000000001,22.62962966666667,1.4779559999999998,0.04766666666666667,10.878200333333334,0.23478266666666667,0.433333
2019-09-17,7.433333333333334,21.509258333333335,1.5465485,0.043000000000000003,10.764915666666667,0.21757233333333334,0.4375
2019-09-18,8.414285714285715,21.877700833333336,1.223592,0.046,12.929022571428572,0.3170031428571428,0.433333
2019-09-19,7.333333333333333,20.467593333333337,1.661227,0.037,8.075241333333333,0.16503633333333334,0.308333
2019-09-20,7.6000000000000005,20.793982333333332,1.5776295,0.04133333333333333,11.358152333333331,0.24015699999999998,0.354167
2019-09-21,9.542857142857143,23.06867366666667,1.1153443333333335,0.06614285714285714,13.301086999999999,0.3828935714285714,0.45
2019-09-22,10.133333333333333,23.780094666666667,1.246456,0.057666666666666665,12.968297,0.35000000000000003,0.475
2019-09-23,10.366666666666667,22.454476,1.4586644999999998,0.049999999999999996,11.366244,0.27663033333333337,0.2875
2019-09-24,9.833333333333334,24.277314999999998,1.1407806,0.05933333333333333,15.303955166666666,0.3535628333333333,0.34030352762136445
2019-09-25,9.066666666666668,23.831790333333334,1.927023,0.04733333333333334,10.981703000000001,0.19625633333333334,0.366667
2019-09-26,8.566666666666668,22.057099000000004,1.824134,0.036,7.355797,0.15054333333333333,0.229167
2019-09-27,7.214285714285714,20.742671166666668,1.4597363333333335,0.034428571428571426,6.804658428571429,0.1946427142857143,0.179167
2019-09-28,4.5,18.793209666666666,1.5926345,0.030333333333333334,6.3932970000000005,0.13037433333333334,0.2125
2019-09-29,6.333333333333333,16.927469333333335,1.544405,0.04066666666666666,6.891545666666667,0.19885266666666665,0.25
2019-09-30,6.916666666666667,16.6379636,1.4811716000000001,0.042833333333333334,10.992784,0.29036816666666665,0.341667
2019-10-01,7.766666666666667,16.947531666666666,1.6054955,0.044333333333333336,12.541968666666667,0.28484333333333334,0.341667
2019-10-02,8.866666666666667,17.924382666666666,1.6515815,0.05333333333333334,19.123912999999998,0.41056766666666666,0.483333
2019-10-03,9.985714285714286,19.1720695,1.1207028333333333,0.06085714285714285,20.774275142857142,0.45571957142857145,0.804167
2019-10-04,8.5,18.8518535,1.039606,0.0505,12.338134,0.2923915,0.2500617175759115
2019-10-05,11.9,19.748456333333333,1.4136505,0.066,17.740459,0.4661833333333332,0.708333
2019-10-06,12.514285714285714,21.685186,0.9788735000000001,0.08228571428571428,17.084359833333334,0.5206521428571429,0.725
2019-10-07,10.433333333333334,21.243826666666667,1.5519075,0.055999999999999994,19.9843295,0.450604,0.6875
2019-10-08,10.466666666666667,21.10339433333333,1.415794,0.04866666666666667,18.174185,0.3963163333333333,0.879167
2019-10-09,11.585714285714285,19.477624666666667,1.2700346666666666,0.05071428571428571,9.953913428571427,0.2460552857142857,0.579167
2019-10-10,10.9,17.785879,1.058898,0.048,9.531324,0.1586955,0.16465818155005044
2019-10-11,8.6,19.093363999999998,1.561553,0.04733333333333334,22.259118666666666,0.4789856666666667,0.725
2019-10-12,14.957142857142857,19.558641833333333,1.2393108333333334,0.06271428571428571,19.558876857142856,0.50515,0.770833
2019-10-13,12.533333333333333,17.361109666666668,1.4168660000000002,0.05266666666666667,15.388949333333334,0.43894933333333336,0.6875
2019-10-14,11.799999999999999,18.06404433333333,1.5251135,0.050666666666666665,15.603381333333331,0.30356299999999997,0.5125
2019-10-15,12.914285714285715,20.308641833333333,1.1413616666666666,0.054142857142857145,23.53081842857143,0.5055147142857143,0.65
2019-10-16,11.466666666666667,21.623456,1.420081,0.046000000000000006,25.50368333333333,0.5198673333333333,0.733333
2019-10-17,11.933333333333332,18.971452333333332,1.4951045,0.048666666666666664,12.921135333333334,0.2035026666666667,0.616667
2019-10-18,8.157142857142857,19.282076999999997,1.1707183333333333,0.04585714285714286,14.314772714285713,0.32034628571428575,0.545833
2019-10-19,9.966666666666667,18.417438,1.2764655,0.044333333333333336,16.249819,0.3863526666666666,0.704167
2019-10-20,8.733333333333333,20.320987,1.2164465,0.04666666666666666,14.583695666666666,0.3361716666666667,0.641667
2019-10-21,7.014285714285714,23.618056142857142,1.3393421666666665,0.05128571428571428,21.474223571428574,0.4228001428571429,0.558333
2019-10-22,8.5,23.304784333333334,1.5240420000000001,0.04766666666666666,27.140761,0.5457123333333334,0.670833
2019-10-23,9.5,22.415894666666663,1.2893265,0.04633333333333334,29.154227000000002,0.598611,0.9125
2019-10-24,8.72857142857143,25.083664571428567,1.4583071666666667,0.047,25.535507142857142,0.5851448571428571,0.933333
2019-10-25,9.0,21.1898145,1.12106,0.0445,22.897554500000002,0.574366,0.5713559445039778
2019-10-26,8.633333333333333,21.67747,1.606567,0.052,20.089613666666665,0.47723433333333337,0.858333
2019-10-27,11.366666666666667,17.56713016666667,1.7705464,0.04516666666666667,7.2045895,0.22940816666666666,0.408333
2019-10-28,10.9,15.390431333333334,1.229308,0.043333333333333335,18.71449266666667,0.38284999999999997,0.658333
2019-10-29,11.066666666666668,15.857254333333335,1.4629515,0.04,19.765338333333332,0.425302,0.720833
2019-10-30,9.085714285714285,15.217592714285715,2.1906758333333336,0.04214285714285714,13.701889142857143,0.3030797142857143,0.445833
2019-10-31,11.133333333333333,13.560956666666664,1.8723635,0.036,25.344806666666667,0.431401,0.5875
2019-11-01,10.666666666666666,15.105709666666668,1.6773035,0.03333333333333333,26.971981,0.4967993333333333,0.6375
2019-11-02,14.214285714285714,17.35251357142857,1.1242756666666667,0.04042857142857143,26.738405857142855,0.6974119999999999,0.733333
2019-11-03,17.366666666666664,16.628858333333334,1.3954305,0.04666666666666667,24.451026666666664,0.6408333333333333,0.670833
2019-11-04,16.433333333333334,16.71142,1.465095,0.04533333333333334,27.068901,0.7705556666666666,0.658333
2019-11-05,16.3,18.673997166666666,1.0421075,0.049999999999999996,31.133603833333336,0.7430556666666667,0.575
2019-11-06,24.5,16.1689815,1.2582455000000001,0.0335,25.458333500000002,0.7291665,0.633333
2019-11-07,41.5,17.475696,1.2218054999999999,0.045,22.841666500000002,0.579167,0.404167
2019-11-08,13.450000000000001,21.581019666666666,1.1639306666666667,0.03966666666666666,29.949305499999998,0.8041666666666667,0.625
2019-11-09,10.366666666666667,19.662809333333332,1.4629515,0.037,22.787439666666668,0.6680556666666666,0.5375
2019-11-10,16.433333333333334,16.812501333333334,1.2893265,0.042,14.914251,0.3711353333333333,0.458333
2019-11-11,24.5,17.379630142857142,0.892061,0.047714285714285716,16.01231885714286,0.42204985714285714,0.291667
2019-11-12,22.666666666666668,17.202933,1.295757,0.03866666666666666,19.602596666666667,0.4375,0.3625
2019-11-13,21.3,16.407407,1.022458,0.0395,17.167935,0.3248185,0.3970193255726194
2019-11-14,22.442857142857143,16.25628342857143,0.9031358333333334,0.03828571428571429,19.553468000000002,0.486206,0.275
2019-11-15,13.2,15.949075,0.745944,0.0365,18.210779000000002,0.47373149999999997,0.4287502105001183
2019-11-16,17.0,16.882715666666666,1.1542845000000002,0.037,22.920531333333333,0.7767513333333333,0.441667
2019-11-17,8.514285714285714,21.482475,1.4383011666666665,0.04485714285714286,18.88115942857143,0.5757764285714285,0.420833
2019-11-18,7.3999999999999995,20.322531666666666,1.6076385000000002,0.03666666666666667,28.336473333333334,0.46491533333333335,0.45
2019-11-19,11.149999999999999,17.3113435,1.277537,0.04,22.8947465,0.47844200000000003,0.5712705047595131
2019-11-20,4.933333333333334,12.119213666666667,1.8892972000000001,0.036166666666666666,7.900151,0.170076,0.216667
2019-11-21,8.166666666666666,12.323538333333333,1.3233305,0.031,18.294746333333332,0.3742753333333333,0.3
2019-11-22,11.533333333333333,13.296296666666668,1.2267744999999999,0.030333333333333334,20.925663999999998,0.5217993333333334,0.375
2019-11-23,8.200000000000001,15.407408166666668,1.3452724,0.03783333333333334,18.432638833333332,0.45652183333333335,0.445833
2019-11-24,9.766666666666666,13.940586666666666,1.4190095,0.037,20.655917666666667,0.5070653333333334,0.420833
2019-11-25,14.666666666666666,13.513889999999998,1.535831,0.037,18.91473433333333,0.4568236666666667,0.458333
2019-11-26,10.64,12.5694452,1.01227675,0.0334,16.424203,0.3580434,0.420833
2019-11-27,5.35,9.230325,1.534759,0.037,11.724638,0.2144925,0.23139471562789166
2019-11-28,4.933333333333334,6.2322533333333325,2.752278,0.029333333333333333,8.624516999999999,0.19100233333333336,0.179167
2019-11-29,6.085714285714286,7.665012857142857,1.2343093333333333,0.03514285714285714,12.514466714285714,0.36040371428571427,0.2375
2019-11-30,7.966666666666668,7.679012666666666,1.659083,0.02466666666666667,15.592874666666667,0.3796176666666667,0.258333
2019-12-01,8.266666666666667,9.919753,1.3675650000000001,0.021333333333333333,17.205797,0.430808,0.2875
2019-12-02,11.62857142857143,12.921957714285714,0.8952763333333333,0.02085714285714286,24.12919257142857,0.6740165714285714,0.4125
2019-12-03,17.666666666666668,12.646604666666667,0.819896,0.008,30.691485666666665,0.9452296666666666,0.645833
2019-12-04,6.7,7.407407,1.5333279526563237,0.02,13.9,0.240909,0.2975850195445405
2019-12-05,7.566666666666666,14.555941833333334,0.9084948333333333,0.0275,15.960912666666667,0.5735118333333333,0.3625
2019-12-06,9.2,12.009319999999999,1.892614,0.0155,21.6313405,0.4372285,0.395833
2019-12-07,6.6000000000000005,14.871913999999999,1.3557755,0.019666666666666666,14.182186000000002,0.27355066666666666,0.254167
2019-12-08,6.283333333333334,13.989197666666668,0.9783019999999999,0.03166666666666667,8.2338165,0.2506945,0.2375
2019-12-09,7.733333333333333,12.604167333333331,0.9956645000000001,0.026,18.710265333333336,0.46346599999999993,0.425
2019-12-10,10.9,10.2696765,1.506894,0.0165,23.072192,0.606884,0.458333
2019-12-11,10.733333333333333,12.937500499999999,1.0876214000000002,0.020666666666666667,22.7474274,0.6487456666666667,0.504167
2019-12-12,14.2,15.368056,1.260389,0.020999999999999998,22.861956499999998,0.602355,0.720833
2019-12-13,18.75,15.2777785,1.517611,0.0235,21.8960145,0.5486415,0.572222
2019-12-14,19.883333333333333,13.939814833333335,0.9229992000000001,0.027,12.428925000000001,0.3777173333333333,0.2528242388863401
2019-12-15,5.433333333333334,10.907407999999998,2.7158385000000003,0.03766666666666666,9.396859666666666,0.268901,0.245833
2019-12-16,6.550000000000001,13.2256945,1.3279100000000001,0.025500000000000002,29.552083500000002,0.5666665,0.441667
2019-12-17,4.066666666666666,10.980710666666667,1.7469677999999997,0.0335,18.145039666666666,0.3902778333333334,0.545833
2019-12-18,9.133333333333333,8.246142333333333,1.332197,0.020666666666666667,30.247470000000003,0.6795100000000001,0.61
2019-12-19,15.133333333333333,9.221451333333334,0.9602965000000001,0.021666666666666667,30.860748666666666,0.8731883333333332,0.8625
2019-12-20,7.32,13.7189818,1.8884397499999999,0.027200000000000002,24.322997,0.49711180000000005,0.629167
2019-12-21,11.75,10.827547,1.811273,0.019,26.332790000000003,0.5740035,0.6875
2019-12-22,8.8,11.096066,1.800556,0.032,15.8238225,0.389312,0.628571
2019-12-23,4.8428571428571425,10.212963285714284,2.4397526,0.028571428571428574,10.38765542857143,0.2688145714285714,0.3625
2019-12-24,8.966666666666667,9.728395333333333,1.3579189999999999,0.031,12.893840666666668,0.437198,0.41
2019-12-25,6.3,9.739196999999999,2.1360165,0.034333333333333334,6.608212666666667,0.202838,0.466667
2019-12-26,2.966666666666667,7.137732,2.06849525,0.03416666666666667,8.500604000000001,0.29776583333333334,0.1332961967158168
2019-12-27,9.833333333333334,7.868827666666667,1.0031665,0.023000000000000003,21.804831333333336,0.569324,0.55
2019-12-28,12.766666666666666,8.164351666666667,1.260389,0.028333333333333332,19.621980666666666,0.568418,0.541667
2019-12-29,15.6,9.682870857142857,1.1253474,0.03085714285714286,16.593633714285712,0.5692287142857143,0.554167
2019-12-30,9.533333333333333,10.550154666666666,1.4007895000000001,0.025666666666666667,20.05434766666667,0.4970413333333334,0.658333
2019-12-31,9.533333333333333,10.550154666666666,1.4007895000000001,0.025666666666666667,20.05434766666667,0.4970413333333334,0.658333
2020-01-01,17.8,12.770833428571427,1.2805382,0.03671428571428571,14.838405857142858,0.4960402857142857,0.754167
2020-01-02,15.166666666666666,12.456018666666665,1.1210605,0.026333333333333334,20.520410666666667,0.6010263333333333,0.716667
2020-01-03,15.566666666666668,12.951388999999999,1.2014420000000001,0.018666666666666668,27.724818999999997,0.8540456666666666,0.75
2020-01-04,18.685714285714283,13.275794000000001,1.0147418,0.029,24.680875000000004,0.8333592857142857,0.75
2020-01-05,19.5,11.372685666666667,1.0664004999999999,0.029333333333333333,18.447826000000003,0.7979470000000001,0.604167
2020-01-06,9.733333333333333,12.834877333333333,1.328982,0.025333333333333333,26.245652333333336,0.7108696666666666,0.708333
2020-01-07,6.171428571428572,14.61045,1.5321874,0.025285714285714283,24.837034142857142,0.5307711428571429,0.645833
2020-01-08,10.833333333333334,11.236883333333333,1.2314515,0.027,17.658928333333332,0.46587300000000004,0.645833
2020-01-09,11.1,12.266204,1.23038,0.029,20.441667,0.620833,0.4966300184235833
2020-01-10,10.966666666666667,11.041667333333335,1.067901,0.024166666666666666,20.577838,0.6119565,0.472222
2020-01-11,15.466666666666669,10.453704333333334,1.0942665,0.029333333333333333,14.811231999999999,0.6779586666666666,0.158333
2020-01-12,15.333333333333334,10.569443999999999,1.2485995,0.035,12.942814,0.5335746666666666,0.04166700000000001
2020-01-13,18.116666666666667,11.618828,1.1420666000000002,0.03566666666666667,18.861111166666664,0.5763888333333334,0.0625
2020-01-14,16.833333333333332,10.451388333333334,1.13928,0.03366666666666667,18.014734333333333,0.6472223333333333,0.1
2020-01-15,28.166666666666668,9.721450666666668,1.0739025,0.030333333333333334,21.75151,0.7736716666666666,0.5364849511902194
2020-01-16,22.766666666666666,10.150077,1.3547036000000001,0.035166666666666666,17.802083166666666,0.5339373333333334,0.41631471635348816
2020-01-17,6.3999999999999995,10.204475333333333,1.170361,0.03,15.401592,0.423293,0.3432743488786047
2020-01-18,8.4,11.557870333333334,1.6794470000000001,0.029333333333333333,21.843478333333334,0.5200483333333333,0.5392832955274107
2020-01-19,8.22857142857143,14.771164285714287,1.4138648,0.02842857142857143,21.574508428571427,0.5102742857142857,0.5310992784577815
2020-01-20,15.299999999999999,12.921296333333332,0.9442200000000001,0.022000000000000002,23.223369666666667,0.5892513333333333,0.5812696071046484
2020-01-21,4.6,10.773149,1.5333279526563237,0.038,5.03913,0.213043,0.027973029325939536
2020-01-22,11.385714285714286,12.725860142857144,0.9191406000000001,0.029,18.56185285714286,0.48755185714285715,0.4394324258286364
2020-01-23,9.933333333333334,13.532407999999998,1.4897455000000002,0.02666666666666667,22.072809666666668,0.6810550000000001,0.546261219500958
2020-01-24,13.0,13.951389333333333,1.219662,0.019666666666666666,26.095954000000003,0.73285,0.6686744758343299
2020-01-25,22.7,14.246032142857144,1.0936233999999998,0.02642857142857143,23.96441528571429,0.581677,0.6038175944009527
2020-01-26,27.766666666666666,12.635802666666669,0.895991,0.03133333333333333,13.950483,0.3716186666666667,0.29912107888207795
2020-01-27,16.833333333333332,13.686729,1.0192435,0.029333333333333333,18.756703,0.573128,0.44536118167429184
2020-01-28,6.3,15.6509262,1.80484275,0.034199999999999994,17.7261234,0.463297,0.41400346882728134
2020-01-29,7.0,14.449074333333334,1.3932875,0.03266666666666667,21.094867,0.452174,0.5165051042798018
2020-01-30,8.633333333333333,13.645062666666668,1.1221320000000001,0.028,26.323248666666668,0.7291063333333333,0.6755904296228489
2020-01-31,6.942857142857143,16.861441857142857,1.5373316000000001,0.03271428571428572,23.895755857142856,0.6555382857142857,0.6017284761558577
2020-02-01,9.4,16.526235,1.549764,0.032,23.559179,0.7396133333333333,0.5914873648072196
2020-02-02,12.966666666666667,13.609568666666666,1.6547960000000002,0.038,14.44064,0.583756,0.3140352130799139
2020-02-03,3.1285714285714286,10.915013428571427,3.5359483999999997,0.04185714285714286,6.1034679999999994,0.23048642857142856,0.06035791776751301
2020-02-04,5.2,6.0416665,1.391144,0.0375,17.00779,0.42029000000000005,0.39214655211204974
2020-02-05,7.949999999999999,7.8298615,0.906708,0.0325,23.712138,0.6520835,0.5961414879815633
2020-02-06,10.028571428571428,11.502315142857142,1.1652166000000002,0.03428571428571429,24.419228714285712,0.5968425714285714,0.6176563205819359
2020-02-07,13.3,12.6099535,0.923856,0.0385,21.215489,0.7064315,0.5201753011661288
2020-02-08,20.575,13.237847499999999,1.342557,0.04525,21.17653975,0.67622275,0.518990182231981
2020-02-09,10.942857142857141,12.051257000000001,1.5476206,0.039714285714285716,7.786956857142857,0.28656828571428566,0.11158186996240174
2020-02-10,6.133333333333333,14.282407000000001,1.2003705,0.03366666666666667,19.829770333333332,0.42838166666666666,0.47801167980580334
2020-02-11,7.75,15.091436,1.647294,0.037000000000000005,24.4416665,0.535417,0.6183390409087804
2020-02-12,8.016666666666667,12.306327833333334,1.33005325,0.039,21.10012933333333,0.4768848333333333,0.5166652226613143
2020-02-13,12.633333333333333,12.375000333333332,1.4951045,0.03866666666666667,21.41473433333333,0.5540459999999999,0.5262377906126241
2020-02-14,15.766666666666666,12.451389,1.340771,0.043333333333333335,22.959118333333333,0.6528383333333333,0.5732291632319905
2020-02-15,15.442857142857141,13.484788857142858,1.0726168,0.04785714285714286,21.537137714285713,0.5673135714285714,0.5299621900393234
2020-02-16,14.633333333333333,14.585648333333333,1.3375555000000001,0.04566666666666667,13.70911833333333,0.45694433333333334,0.2917770135534533
2020-02-17,17.099999999999998,14.116513333333335,1.148926,0.043000000000000003,17.549698333333335,0.5187803333333333,0.3125
2020-02-18,17.916666666666668,14.354938333333335,1.26146075,0.0415,19.599818833333334,0.43777166666666667,0.1875
2020-02-19,18.46666666666667,14.672068000000001,1.2936135000000002,0.04,15.344806666666665,0.37614733333333333,0.216667
2020-02-20,14.733333333333334,15.261575,1.108199,0.03933333333333333,23.831159333333332,0.5737923333333333,0.270833
2020-02-21,10.3,16.5525254,1.7760676666666668,0.047799999999999995,19.945616,0.4591302,0.320833
2020-02-22,5.966666666666666,13.458334333333333,1.5701275,0.03466666666666667,5.753260999999999,0.20440833333333333,0.11666700000000002
2020-02-23,8.533333333333333,14.154322,1.2346665,0.038,8.054529,0.2944446666666667,0.141667
2020-02-24,12.414285714285715,14.61871742857143,1.0256738333333333,0.03985714285714286,16.251915142857143,0.4770185714285714,0.229167
2020-02-25,9.566666666666668,16.076825666666664,1.4307985,0.037,22.583273000000002,0.6614733333333334,0.4125
2020-02-26,7.3999999999999995,15.963736666666668,1.55941,0.03766666666666667,23.547403000000003,0.5602053333333333,0.4125
2020-02-27,6.3,19.215939,1.4600935,0.03685714285714286,23.94272785714286,0.5244047142857143,0.429167
2020-02-28,5.966666666666666,19.398149333333333,1.811273,0.034,22.03103866666667,0.41147333333333336,0.366667
2020-02-29,7.433333333333334,15.847994333333332,1.6665860000000001,0.041666666666666664,11.626268000000001,0.311896,0.233333
2020-03-01,7.057142857142857,12.255290714285715,1.774119,0.04442857142857143,4.363923285714286,0.20776414285714287,0.1375
2020-03-02,4.4,13.835647666666667,1.8444979999999997,0.037333333333333336,10.650784999999999,0.309722,0.08333299999999999
2020-03-03,6.266666666666667,16.210649,1.4050764999999998,0.034999999999999996,19.39088166666667,0.3870166666666666,0.316667
2020-03-04,11.971428571428572,15.586971714285713,1.1707183333333333,0.039714285714285716,18.182479285714287,0.4399328571428572,0.220833
2020-03-05,14.633333333333333,16.330247,1.455449,0.04033333333333333,17.054529,0.3786833333333333,0.183333
2020-03-06,13.200000000000001,15.156636,1.527257,0.04033333333333333,14.850060333333332,0.3447463333333333,0.233333
2020-03-07,3.6,13.650794285714285,1.6744455,0.038571428571428576,4.774146142857142,0.19293457142857146,0.10833300000000001
2020-03-08,2.8666666666666667,12.518518333333333,1.4500905,0.03466666666666667,6.957487666666668,0.23025366666666666,0.066667
2020-03-09,4.0,14.374999666666668,1.491889,0.03166666666666667,13.380555666666666,0.30857466666666666,0.095833
2020-03-10,3.1571428571428575,15.040343428571429,1.8734353333333331,0.023857142857142858,7.811413,0.2139492857142857,0.012500000000000011
2020-03-11,4.4,14.8923605,1.444731,0.0325,7.5755435,0.20471,0.10514914089876787
2020-03-12,6.3,11.1921295,0.891704,0.0225,16.653895,0.3998185,0.38137849713794314
2020-03-13,4.1499999999999995,11.749999833333334,0.817109,0.03133333333333333,9.657125666666667,0.25625000000000003,0.16848598149777763
2020-03-14,2.9000000000000004,12.028936000000002,0.81025,0.036000000000000004,6.2373185,0.21875,0.06443062165513971
2020-03-15,4.2,12.607253333333333,1.3450579999999999,0.039,4.623913000000001,0.20271733333333333,0.012500000000000011
2020-03-16,5.0,11.43419342857143,1.6154983333333333,0.03542857142857143,9.082841571428572,0.26951328571428573,0.029167
2020-03-17,3.9,9.301696999999999,1.0331755,0.036000000000000004,12.059239,0.316244,0.04999999999999996
2020-03-18,4.733333333333333,10.092592,1.9484584999999999,0.03933333333333333,12.799819,0.299577,0.058333000000000024
2020-03-19,4.083333333333333,10.5995375,1.3761388,0.03883333333333334,9.844505,0.26769333333333334,0.04999999999999996
2020-03-20,3.6,12.310186000000002,1.7587570000000001,0.036,8.999214666666667,0.211413,0.02083299999999999
2020-03-21,3.266666666666667,13.515432666666667,1.3922155,0.03866666666666666,7.023188333333334,0.2328503333333333,0.037500000000000006
2020-03-22,4.033333333333333,13.3730715,1.4953184,0.03933333333333333,6.833756,0.2563708333333334,0.025000000000000022
2020-03-23,2.5,13.335648333333333,1.9848979999999998,0.03966666666666666,4.319142333333333,0.16745166666666667,0.0
2020-03-24,4.050000000000001,13.5925935,1.9152335,0.036500000000000005,10.7375,0.2833335,0.03809500000000002
2020-03-25,2.4857142857142853,12.708664857142859,1.8112735000000002,0.04185714285714286,5.370405142857143,0.19258185714285717,0.0050000000000000044
2020-03-26,2.6666666666666665,9.993827333333334,2.3589425,0.039,6.666266,0.19223233333333334,0.015000000000000013
2020-03-27,4.633333333333333,11.218364666666666,1.8680765,0.04133333333333333,8.580676333333335,0.22361133333333336,0.042857000000000006
2020-03-28,6.942857142857143,12.914682428571428,1.3961451666666669,0.048,7.4473084285714295,0.23731871428571427,0.045832999999999985
2020-03-29,7.766666666666667,12.764661333333331,2.093146,0.042,6.087741666666666,0.22010866666666665,0.029167
2020-03-30,6.733333333333333,14.658179666666667,1.643007,0.042333333333333334,10.287983,0.25676366666666667,0.05416699999999999
2020-03-31,8.366666666666667,17.612269166666668,0.9345741999999999,0.052,15.142240333333334,0.3755735,0.33538298843470793
2020-04-01,7.866666666666667,16.680556,1.6537245,0.03966666666666666,8.131823666666667,0.18665433333333334,0.11666700000000002
2020-04-02,7.833333333333333,15.059414333333335,1.9077315000000001,0.041,4.9406403333333335,0.14722233333333334,0.025000000000000022
2020-04-03,9.071428571428571,15.151124714285714,1.3722091666666667,0.049,8.218426428571428,0.23216885714285712,0.095833
2020-04-04,9.066666666666668,14.445988999999999,1.5658405,0.04033333333333333,6.036292,0.18146133333333334,0.02083299999999999
2020-04-05,3.0,13.146605333333333,1.929167,0.028999999999999998,2.3671496666666667,0.11962533333333332,0.0
2020-04-06,1.842857142857143,12.664021857142858,1.6780178333333335,0.03614285714285714,4.328830142857143,0.17401671428571427,0.0
2020-04-07,2.6333333333333333,11.393518,1.3890004999999999,0.03333333333333333,7.904710000000001,0.17560366666666669,0.004166999999999976
2020-04-08,2.5,10.542437999999999,1.4490185,0.03666666666666667,7.373369666666666,0.185024,0.0
2020-04-09,1.9714285714285715,9.649801857142858,1.8759363333333334,0.032428571428571425,6.360429428571429,0.18475671428571427,0.0
2020-04-10,2.3333333333333335,11.378858666666666,2.186389,0.034,9.094444333333334,0.2189013333333333,0.004166999999999976
2020-04-11,6.133333333333333,14.534723,1.6805185,0.03933333333333333,7.269806666666667,0.21304333333333333,0.045832999999999985
2020-04-12,4.95,13.857252833333334,0.9950214,0.035500000000000004,3.2531096666666666,0.16591183333333334,0.004166999999999976
2020-04-13,4.433333333333334,14.918982,1.5958495,0.036333333333333336,5.620229333333334,0.17391299999999998,0.0
2020-04-14,7.933333333333334,15.770062333333334,1.589419,0.04133333333333333,11.889190666666666,0.31068833333333334,0.03333300000000003
2020-04-15,6.8428571428571425,18.980820571428573,1.5715563333333333,0.05457142857142857,11.976086857142857,0.29378885714285713,0.10833300000000001
2020-04-16,9.066666666666666,17.203704333333334,1.661227,0.04633333333333334,8.577778,0.21165433333333336,0.10833300000000001
2020-04-17,5.95,14.817129999999999,1.622644,0.038,6.450815,0.18333349999999998,0.016666999999999987
2020-04-18,4.933333333333334,14.790894999999999,1.3757101999999999,0.038,3.720591666666666,0.16100416666666664,0.004166999999999976
2020-04-19,4.866666666666666,15.313271333333333,2.0417015000000003,0.03733333333333333,2.0768720000000003,0.12777766666666668,0.0
2020-04-20,7.266666666666667,15.551697666666668,2.114581,0.03566666666666667,4.739553,0.155616,0.016666999999999987
2020-04-21,7.666666666666667,16.743442166666668,1.3281242,0.042666666666666665,7.625905833333333,0.21253033333333335,0.220833
2020-04-22,9.700000000000001,19.918210333333334,1.9216645,0.045000000000000005,11.183393666666667,0.2743356666666667,0.173913
2020-04-23,11.200000000000001,21.886574333333332,1.3461295,0.046000000000000006,12.803562999999999,0.24184766666666668,0.316667
2020-04-24,10.171428571428573,25.824405000000002,1.5458343333333333,0.064,11.491345857142857,0.30878885714285714,0.25
2020-04-25,10.033333333333333,23.519290333333334,1.4307984999999999,0.06666666666666667,8.885145,0.23436,0.279167
2020-04-26,11.200000000000001,22.128086,1.5744145,0.055,9.286473333333333,0.24064,0.25
2020-04-27,10.940000000000001,21.053704,1.5279002,0.053200000000000004,13.0558332,0.3016668,0.245833
2020-04-28,11.0,19.858797,1.339699,0.04,8.820833,0.15,0.14303988757413116
2020-04-29,15.85,18.7210655,1.576558,0.039,12.5770835,0.23541649999999997,0.0875
2020-04-30,13.425,19.9010415,1.309154,0.06375,10.2291665,0.29583325,0.18589161633513634
2020-05-01,8.833333333333334,20.115743,1.5958495,0.04766666666666667,6.645410333333333,0.17500000000000002,0.170833
2020-05-02,8.066666666666666,19.893518666666665,1.7255325,0.042333333333333334,5.032910666666667,0.15809166666666666,0.183333
2020-05-03,8.549999999999999,19.287809,1.4220099999999998,0.043166666666666666,5.332186,0.2125,0.191667
2020-05-04,10.5,20.554784666666666,1.3739955,0.049666666666666665,9.928804333333334,0.23907,0.275
2020-05-05,11.466666666666667,22.99074166666667,1.740537,0.06,13.386956666666668,0.2922706666666666,0.3625
2020-05-06,11.383333333333333,25.048997666666665,1.2076585999999998,0.0795,16.81080916666667,0.3416668,0.416667
2020-05-07,12.733333333333334,24.21913566666667,1.487602,0.068,15.110145000000001,0.2995773333333333,0.425
2020-05-08,15.433333333333332,22.334105333333337,1.641935,0.057999999999999996,13.345196666666666,0.27924333333333334,0.326087
2020-05-09,15.033333333333333,21.319830999999997,1.3705658,0.067,6.712681166666667,0.25703499999999996,0.07889460483462679
2020-05-10,9.15,20.796295,1.89487,0.052,3.614402,0.10625000000000001,-0.015377539139704022
2020-05-11,7.8,18.7905085,2.104936,0.048,2.7986415,0.1,-0.04019889550163247
2020-05-12,4.66,16.8495372,1.6054955,0.036000000000000004,5.6855796000000005,0.21871619999999997,0.15909099999999998
2020-05-13,5.3999999999999995,17.318673,1.7834075,0.042,5.686352333333333,0.16944466666666666,0.220833
2020-05-14,6.1,17.9097225,1.841283,0.0375,4.7326084999999996,0.14375,0.018646420126189278
2020-05-15,8.066666666666666,19.907407666666668,1.2209482,0.051333333333333335,5.997342833333334,0.1861111666666667,0.057128819789856095
2020-05-16,8.5,21.585649500000002,1.378283,0.0495,5.724638000000001,0.15833350000000002,0.04883115907965138
2020-05-17,7.5,20.462963000000002,2.12637,0.044,2.09375,0.1020835,-0.06164681203840311
2020-05-18,3.35,17.642011166666666,1.8905832,0.036,2.9613406,0.14027766666666666,-0.035248407777766166
2020-05-19,4.233333333333333,15.850308666666669,2.3889515,0.037333333333333336,4.374034,0.11419066666666666,0.009523999999999977
2020-05-20,4.75,17.550925499999998,1.965606,0.045,4.482065,0.09882250000000001,0.011023068054515306
2020-05-21,8.016666666666667,20.969907666666668,1.1947974,0.06,9.716767999999998,0.23421516666666667,0.1703007342468057
2020-05-22,9.45,19.643469,2.173528,0.047,3.371377,0.097826,-0.022772123861393323
2020-05-23,8.399999999999999,19.375,2.025625,0.047,2.1815215,0.065036,-0.05897616583780746
2020-05-24,13.183333333333332,20.418982166666666,1.0906221999999999,0.06216666666666667,5.0483334,0.20386466666666667,0.028253063565328806
2020-05-25,10.05,22.414352,1.427583,0.046,3.8394925000000004,0.12010849999999999,-0.008528652102167023
2020-05-26,10.6,24.057872500000002,1.6205,0.05,6.1888585,0.13125,0.06295611666341844
2020-05-27,12.214285714285714,22.454515285714283,1.5153703333333333,0.06071428571428572,10.583440571428572,0.24275714285714287,0.11666700000000002
2020-05-28,8.799999999999999,22.757716000000002,1.700882,0.043333333333333335,7.579046000000001,0.164855,0.0625
2020-05-29,5.85,21.260417,1.629074,0.04,5.009511,0.11730099999999999,0.027071804329039162
2020-05-30,5.471428571428571,18.85615142857143,1.869148,0.03542857142857143,3.3624739999999997,0.13913050000000002,0.00833299999999998
2020-05-31,5.7,19.786264666666668,1.723389,0.04,3.834903,0.12850233333333336,0.125
2020-06-01,8.95,21.412036,2.029912,0.038500000000000006,9.30625,0.23750000000000002,0.1625
2020-06-02,10.9,23.001544166666665,1.2260926666666667,0.04985714285714286,12.529349333333334,0.22834957142857143,0.804167
2020-06-03,11.4,25.195988666666665,1.8498565,0.051666666666666666,9.443297,0.19184766666666667,0.375
2020-06-04,11.200000000000001,22.472223666666668,2.3235745,0.054,5.615519333333334,0.14619566666666667,0.07916699999999999
2020-06-05,6.116666666666667,18.43494,1.5742,0.030166666666666665,3.6825181666666666,0.13472233333333333,-0.013304950865520804
2020-06-06,6.033333333333334,18.244597666666667,2.030984,0.034999999999999996,2.8099636666666665,0.126389,0.07500000000000001
2020-06-07,6.666666666666667,18.107253666666665,2.3225025,0.041666666666666664,4.136352666666666,0.13061599999999998,0.133333
2020-06-08,4.742857142857143,22.746913333333335,1.8655756666666665,0.05285714285714286,6.988010142857143,0.18375857142857144,0.129167
2020-06-09,4.7,21.655092,1.5333279526563237,0.051,7.321739,0.06087,0.09742656553410989
2020-06-10,9.8,26.640047,1.908803,0.07350000000000001,19.0020835,0.414962,0.416667
2020-06-11,10.342857142857143,25.46266242857143,1.4190093333333333,0.07128571428571429,14.052468142857142,0.27861614285714287,0.328571
2020-06-12,7.833333333333333,20.861884333333332,1.8627175,0.048999999999999995,5.631785333333333,0.13586966666666667,0.11666700000000002
2020-06-13,6.166666666666667,19.273919333333335,2.0674235000000003,0.042,4.4628016666666666,0.11117133333333333,0.170833
2020-06-14,8.5,20.931714500000002,1.2875401666666668,0.05142857142857143,4.676164428571428,0.171532,0.145833
2020-06-15,7.8,21.708334333333337,1.7276755,0.042333333333333334,6.530193333333333,0.14692033333333335,0.158333
2020-06-16,7.8,20.510802666666667,1.7951964999999999,0.042,4.278381666666666,0.12910633333333332,0.03333300000000003
2020-06-17,7.8999999999999995,20.543930285714286,1.696595,0.04642857142857143,4.868970142857143,0.14800728571428573,0.091667
2020-06-18,8.233333333333333,21.789351500000002,1.811273,0.043666666666666666,6.379831,0.143176,0.05238099999999998
2020-06-19,9.566666666666666,23.0717595,2.085644,0.04766666666666666,5.2547706666666665,0.14305566666666666,0.045832999999999985
2020-06-20,8.871428571428572,20.374008571428572,1.3218363333333334,0.049428571428571426,3.6195654285714283,0.15828157142857144,0.0
2020-06-21,7.633333333333333,22.71759366666667,1.662299,0.049999999999999996,2.667995,0.131582,0.016666999999999987
2020-06-22,8.799999999999999,23.127315,1.7480395,0.05499999999999999,5.901026666666667,0.15839366666666665,0.04166700000000001
2020-06-23,10.285714285714286,22.03968342857143,1.3829266666666669,0.060714285714285714,8.179639714285715,0.20619228571428572,0.04999999999999996
2020-06-24,9.466666666666667,23.103396000000004,1.764116,0.05133333333333334,6.1207123333333335,0.15555533333333335,0.04166700000000001
2020-06-25,6.5,22.968365000000002,1.7394655,0.04733333333333334,5.6192633333333335,0.119686,0.04347800000000002
2020-06-26,7.433333333333334,22.459491,1.36585,0.055,7.426238000000001,0.18668483333333333,0.037500000000000006
2020-06-27,8.799999999999999,23.408181,1.477956,0.047999999999999994,5.257125333333334,0.14861100000000002,0.08333299999999999
2020-06-28,4.066666666666666,19.976081,2.048132,0.029666666666666664,2.6516906666666666,0.09710133333333333,0.025000000000000022
2020-06-29,4.8428571428571425,19.670966285714286,1.6376483333333332,0.04028571428571428,4.371592714285714,0.11691685714285714,0.07916699999999999
2020-06-30,8.633333333333333,20.858025666666666,1.8262775,0.042,5.782608666666667,0.13091766666666668,0.07083299999999998
2020-07-01,11.1,21.600308666666667,1.551908,0.04666666666666666,6.057608666666667,0.130314,0.06087000000000001
2020-07-02,8.485714285714286,21.430569714285717,1.4050765,0.05642857142857143,5.524223571428571,0.15613357142857143,0.0625
2020-07-03,8.733333333333334,22.758487666666667,1.928095,0.05433333333333334,7.963285,0.15742766666666666,0.15
2020-07-04,55.06666666666666,24.510802,1.7887665,0.04666666666666667,7.222524333333333,0.17095433333333332,0.804167
2020-07-05,78.42857142857143,25.754630142857142,1.149283,0.06357142857142857,7.952277428571429,0.26493285714285714,0.895833
2020-07-06,13.633333333333333,25.971452,1.5658405000000002,0.056666666666666664,9.805676333333333,0.20048333333333335,0.479167
2020-07-07,14.299999999999999,24.481481333333335,1.6687295,0.05366666666666667,7.845559000000001,0.1400526666666667,0.333333
2020-07-08,14.02,23.6921302,1.4533055,0.0568,7.2632606,0.1641666,0.208333
2020-07-09,13.6,24.372686333333334,1.682662,0.056666666666666664,6.790761,0.12928766666666666,0.216667
2020-07-10,12.366666666666667,25.449075000000004,1.6869494999999999,0.06266666666666666,10.082427666666666,0.1865943333333333,0.2125
2020-07-11,9.571428571428571,27.86971042857143,1.3422,0.06928571428571428,10.354477285714285,0.24583342857142856,0.266667
2020-07-12,10.200000000000001,28.06867366666667,1.6333609999999998,0.05266666666666667,6.417331,0.148732,0.425
2020-07-13,12.700000000000001,25.859569000000004,1.882009,0.04733333333333334,5.905434666666667,0.10688399999999999,0.283333
2020-07-14,11.514285714285714,23.172619857142855,1.4933176666666668,0.052,6.105227571428571,0.15357142857142855,0.220833
2020-07-15,7.5,23.06327333333333,1.9077315000000001,0.042333333333333334,4.822041333333334,0.11292266666666666,0.091667
2020-07-16,7.366666666666667,23.05092833333333,1.945243,0.04566666666666667,5.875,0.12288666666666666,0.07916699999999999
2020-07-17,7.0,22.756613428571427,1.4297268333333335,0.053142857142857144,7.220755714285715,0.18242742857142855,0.091667
2020-07-18,4.533333333333333,23.625772,2.0856434999999998,0.041666666666666664,4.333876666666666,0.10815233333333334,0.1875
2020-07-19,5.933333333333334,23.469907000000003,1.9591759999999998,0.039,4.249698333333334,0.10253633333333334,0.208333
2020-07-20,8.742857142857144,23.04662742857143,1.4122216666666667,0.049428571428571426,8.67598342857143,0.18667185714285714,0.3125
2020-07-21,9.866666666666667,23.290896333333336,1.7609005,0.04633333333333334,7.957065333333333,0.163889,0.291667
2020-07-22,7.866666666666667,21.490842333333333,1.6907705,0.042,5.548594666666666,0.10284933333333333,0.07500000000000001
2020-07-23,6.971428571428571,20.929234,1.393287,0.046285714285714284,6.246092142857143,0.15473585714285715,0.03333300000000003
2020-07-24,6.8999999999999995,22.187500666666665,1.665514,0.044333333333333336,6.158997666666667,0.11135266666666666,0.04999999999999996
2020-07-25,8.433333333333334,22.65277933333333,1.7619725,0.049999999999999996,5.707608666666666,0.13236699999999998,0.066667
2020-07-26,9.271428571428572,22.87202442857143,1.4025758333333334,0.05457142857142857,6.960843571428571,0.2005952857142857,0.1
2020-07-27,8.166666666666666,22.869598666666665,1.8509285,0.04066666666666666,7.217814,0.13786233333333334,0.179167
2020-07-28,9.566666666666668,22.920526,1.79091,0.046000000000000006,7.221195666666667,0.130918,0.11666700000000002
2020-07-29,10.9,22.95601842857143,1.3589908333333334,0.05814285714285714,10.220859285714285,0.21371628571428572,0.065217
2020-07-30,8.633333333333333,23.974537333333334,1.808058,0.04700000000000001,9.290722666666667,0.15271433333333334,0.179167
2020-07-31,10.966666666666669,26.329475000000002,1.6837339999999998,0.051,12.794827,0.25444866666666666,0.6375
2020-08-01,13.099999999999998,26.315202666666664,1.5179683333333334,0.05914285714285715,12.772593142857144,0.2577291666666667,0.704167
2020-08-02,12.066666666666668,25.322532,1.6301459999999999,0.052,7.817632666666666,0.0561595,0.429167
2020-08-03,11.799999999999999,25.783180666666667,1.644079,0.04766666666666667,10.036594333333333,0.083062,0.341667
2020-08-04,11.157142857142857,22.668306285714287,1.5004629999999999,0.050571428571428566,7.842346999999999,0.16527766666666666,0.1625
2020-08-05,9.166666666666666,22.628086666666665,1.6687295,0.042666666666666665,5.724154666666667,0.054529,0.095833
2020-08-06,8.433333333333334,22.202932,1.5261855,0.044000000000000004,6.444559666666667,0.102735,0.1375
2020-08-07,9.185714285714285,22.170636285714288,1.3321968333333334,0.052714285714285714,9.132790142857143,0.188794,0.275
2020-08-08,9.566666666666666,22.929784666666666,1.7973404999999998,0.04066666666666666,6.268176333333333,0.147403,0.416667
2020-08-09,8.133333333333333,22.958333333333332,1.9291665,0.04033333333333333,4.458273,0.11672733333333334,0.179167
2020-08-10,8.27142857142857,22.719245714285712,1.4147221666666667,0.04757142857142858,9.200207142857142,0.20235514285714284,0.1
2020-08-11,6.333333333333333,22.83642,1.8916555,0.042333333333333334,7.767753666666667,0.13007233333333332,0.154167
2020-08-12,8.133333333333335,24.890433666666667,1.6076389999999998,0.04700000000000001,12.307789999999999,0.24601433333333333,0.241667
2020-08-13,10.185714285714287,27.44080757142857,1.1707185,0.05442857142857143,15.62419757142857,0.30111299999999996,0.279167
2020-08-14,15.933333333333332,28.624230333333333,1.6547965,0.04733333333333334,14.561292,0.3483696666666667,0.55
2020-08-15,19.666666666666668,29.699845999999997,1.5122525,0.056666666666666664,14.005918,0.3799516666666667,0.570833
2020-08-16,17.657142857142855,28.320107142857143,1.5851318333333335,0.05014285714285714,6.610429714285715,0.2601192857142857,0.35
2020-08-17,19.933333333333334,28.824074333333332,1.557266,0.054,12.605676666666668,0.31564,0.408333
2020-08-18,15.45,27.7824065,1.48653,0.07600000000000001,14.5916665,0.38749999999999996,0.391667
2020-08-19,15.183333333333332,29.220294499999998,1.3036166666666666,0.0785,14.452083166666666,0.3618058333333333,0.483333
2020-08-20,13.65,26.821759999999998,1.5787015,0.0465,12.594318,0.3041665,0.4875
2020-08-21,17.6,26.9351865,1.485458,0.048,14.295833,0.38125,0.454167
2020-08-22,20.416666666666668,29.060571333333332,1.4976048333333332,0.06333333333333334,9.502777666666667,0.3569443333333333,0.329167
2020-08-23,15.05,26.3900465,1.8755785,0.041,4.5083335,0.25416649999999996,0.220833
2020-08-24,10.366666666666665,25.689044,2.307498,0.03866666666666667,5.086696,0.18845,0.125
2020-08-25,9.257142857142856,26.196430142857142,1.3857848333333334,0.04542857142857143,9.204728714285713,0.27508499999999997,0.241667
2020-08-26,9.175,25.474536,1.6905216666666665,0.042499999999999996,10.0230975,0.26458325,0.333333
2020-08-27,15.200000000000001,26.164351666666665,1.6890930000000002,0.049666666666666665,9.867486333333334,0.2692546666666667,0.475
2020-08-28,11.1,24.0686735,1.4082916,0.05366666666666667,10.929506833333333,0.25471283333333333,0.3875
2020-08-29,7.433333333333334,22.644291999999997,1.9259515,0.049999999999999996,5.442995333333333,0.11165433333333334,0.15
2020-08-30,7.566666666666666,22.643518999999998,1.728748,0.054,4.755012333333333,0.110326,0.07916699999999999
2020-08-31,9.316666666666666,21.675539833333332,1.2788233999999998,0.056833333333333326,7.684239166666667,0.1835446666666667,0.091667
2020-09-01,7.599999999999999,23.204476666666665,1.9623915,0.051333333333333335,6.890217333333333,0.123309,0.08333299999999999
2020-09-02,10.033333333333333,23.669753666666665,1.7223175,0.04933333333333333,8.076509666666666,0.18248799999999998,0.245833
2020-09-03,15.049999999999999,24.20910533333333,1.114201,0.07016666666666667,12.488557,0.3057668333333334,0.3125
2020-09-04,18.666666666666668,26.570215666666666,1.4082915,0.071,16.207065333333336,0.4074276666666667,0.433333
2020-09-05,19.166666666666668,31.011576,1.5529795,0.07133333333333333,17.839191,0.4875,0.495833
2020-09-06,16.142857142857142,34.55158885714285,1.4522338333333333,0.09799999999999999,13.042149666666667,0.4361715,0.475
2020-09-07,35.56666666666667,27.770836,1.7759049999999998,0.043666666666666666,8.121437333333333,0.4126813333333333,0.275
2020-09-08,24.366666666666664,25.246913333333335,1.479028,0.034333333333333334,6.09798,0.215909,0.10833300000000001
2020-09-09,15.557142857142859,23.980821,1.1214175,0.04057142857142857,11.993746833333333,0.37287785714285715,0.254167
2020-09-10,18.8,21.141975333333335,1.2496714999999998,0.02,21.095772999999998,0.5508453333333333,0.477273
2020-09-11,34.06666666666667,21.76465966666667,1.380426,0.046000000000000006,22.888888666666663,0.7594443333333333,0.5
2020-09-12,53.15,22.474152,1.1454964,0.048666666666666664,21.596286000000003,0.9335749999999999,0.4625
2020-09-13,39.63333333333333,22.32638833333333,1.2561019999999998,0.06433333333333334,13.775241333333334,0.7123793333333333,0.4
2020-09-14,52.300000000000004,23.382716000000002,1.2946849999999999,0.07033333333333333,18.789130333333333,0.8812803333333333,0.4375
2020-09-15,50.56,24.095834000000004,1.1333855000000002,0.0726,20.9222464,0.8807608,0.4125
2020-09-16,42.65,24.8628465,1.3861419999999998,0.07350000000000001,21.49989025,0.78603775,0.4
2020-09-17,24.0,24.053241999999997,1.118917,0.064,19.1969205,0.4585145,0.4587557937500877
2020-09-18,21.285714285714285,26.84722357142857,1.2078726666666666,0.07328571428571429,22.016325714285717,0.5622718571428572,0.670833
2020-09-19,13.833333333333334,23.957562666666664,1.3343405000000002,0.053,11.534239,0.34009666666666666,0.35
2020-09-20,16.666666666666668,22.024691666666666,1.4157945,0.06033333333333333,8.764009999999999,0.353442,0.254167
2020-09-21,16.742857142857144,22.18816257142857,1.1935826666666667,0.06042857142857143,11.175828,0.36374228571428574,0.11666700000000002
2020-09-22,13.5,22.909722666666667,1.366493,0.053,10.175181,0.28272933333333333,0.080952
2020-09-23,17.333333333333332,23.268518333333333,1.333269,0.059666666666666666,14.570048,0.3842996666666667,0.195238
2020-09-24,18.928571428571427,23.88194542857143,1.1196313333333332,0.0662857142857143,19.863043428571427,0.4980332857142857,0.495
2020-09-25,12.75,23.343750999999997,1.474741,0.0505,9.0158515,0.153442,0.14897376606624835
2020-09-26,17.433333333333334,22.324075000000004,1.3236225,0.054333333333333324,8.021195666666666,0.232186,0.10416700000000001
2020-09-27,15.485714285714286,22.600199428571425,1.1953688333333334,0.06328571428571428,6.312137571428571,0.26842642857142857,0.04999999999999996
2020-09-28,14.166666666666666,23.779321666666664,1.495104,0.05333333333333334,11.638043333333334,0.26123199999999996,0.11249999999999999
2020-09-29,10.6,24.530092333333332,1.5561945000000001,0.05466666666666667,14.938526666666666,0.3145533333333333,0.15
2020-09-30,13.933333333333332,29.360340500000003,1.3418426666666667,0.07050000000000001,22.97013916666667,0.5777776666666666,0.372222
2020-10-01,19.55,27.011576,0.983875,0.069,30.314583,0.775,0.533333
2020-10-02,21.35,26.182871,0.996736,0.08049999999999999,30.2354165,0.7270829999999999,0.583333
2020-10-03,26.5,24.620371,1.086764,0.09533333333333334,20.528472166666667,0.6437501666666666,0.604167
2020-10-04,40.900000000000006,24.576391,0.741658,0.089,19.8270835,0.7541665,0.445833
2020-10-05,38.3,22.898149,1.305403,0.07250000000000001,22.9229165,0.7645835000000001,0.379167
2020-10-06,31.24285714285714,23.064816999999998,1.058898,0.07185714285714286,23.72678557142857,0.651369,0.354167
2020-10-07,23.333333333333332,21.984952999999997,1.219662,0.05366666666666667,13.735386333333333,0.370918,0.258333
2020-10-08,19.733333333333334,21.310185,1.494033,0.052333333333333336,8.127657,0.227355,0.04999999999999996
2020-10-09,16.54285714285714,21.232639499999998,1.301116,0.05185714285714286,8.535636571428572,0.2722567142857143,0.0875
2020-10-10,11.033333333333333,21.114584,1.277537,0.04699999999999999,6.036050666666667,0.16962566666666667,0.07500000000000001
2020-10-11,9.9,21.041666999999997,1.138208,0.043000000000000003,7.939552999999999,0.2402776666666667,0.10416700000000001
2020-10-12,12.457142857142857,22.914353499999997,1.086764,0.059428571428571435,18.322955714285715,0.4518114285714286,0.2125
2020-10-13,13.233333333333334,24.0868045,1.097481,0.05933333333333333,22.42210133333333,0.5135266666666667,0.370833
2020-10-14,17.4,23.7824065,0.966727,0.06566666666666666,26.906944333333332,0.6341456666666666,0.5375
2020-10-15,17.157142857142855,23.697918,1.050324,0.08257142857142859,25.728427285714286,0.5688368571428571,0.429167
2020-10-16,13.266666666666666,22.686345,1.013884,0.05533333333333334,24.332849999999997,0.5411836666666666,0.4875
2020-10-17,13.066666666666668,23.092593,1.168218,0.054,14.096014333333335,0.3253623333333333,0.3625
2020-10-18,18.271428571428572,23.2569445,1.07819,0.06399999999999999,10.948654285714285,0.35810042857142854,0.179167
2020-10-19,14.0,22.530092500000002,1.354704,0.043666666666666666,9.583997666666667,0.1746376666666667,0.120833
2020-10-20,20.566666666666666,21.1030095,1.116773,0.051666666666666666,11.335024333333335,0.219082,0.04999999999999996
2020-10-21,29.400000000000002,20.932869500000002,0.928144,0.05642857142857143,12.38083342857143,0.3435714285714286,0.0625
2020-10-22,12.333333333333334,20.6099535,0.898134,0.042333333333333334,11.853683666666667,0.276208,0.05416699999999999
2020-10-23,11.166666666666666,18.8287035,1.12106,0.041666666666666664,10.995229666666667,0.26835766666666666,0.037500000000000006
2020-10-24,8.0,18.302084,1.416866,0.03428571428571429,7.372463714285714,0.21770185714285714,0.0625
2020-10-25,6.5,16.108797,1.526185,0.037,5.8280796666666665,0.191908,0.025000000000000022
2020-10-26,21.866666666666664,13.517362,1.155356,0.04,19.239087333333334,0.4531746666666667,0.391667
2020-10-27,31.014285714285712,14.549769000000001,1.211088,0.053714285714285714,21.212784857142857,0.6006341666666667,0.570833
2020-10-28,16.333333333333332,16.268518,1.129634,0.051,23.412862333333333,0.5942633333333333,0.366667
2020-10-29,18.066666666666666,17.187502000000002,0.735227,0.049666666666666665,28.69510866666667,0.7615943333333334,0.325
2020-10-30,17.066666666666666,18.555557,0.891704,0.049833333333333334,32.387599333333334,0.7823413333333334,0.454167
2020-10-31,25.2,18.458332,0.833829,0.0585,28.9541665,0.9249999999999999,0.375
2020-11-01,21.950000000000003,19.458334,0.788815,0.0595,23.8,0.8375,0.2375
2020-11-02,18.785714285714285,18.2638895,0.85312,0.045714285714285714,24.477872714285716,0.6200828571428572,0.325
2020-11-03,40.1,17.567131,0.904565,0.042499999999999996,22.862311,0.6229165,0.1625
2020-11-04,26.4,18.666666,0.88956,0.056999999999999995,27.407197,0.95,0.214286
2020-11-05,12.683333333333332,22.358797,0.715935,0.027833333333333335,31.800694500000002,0.8016666666666666,0.375
2020-11-06,12.7,18.486113,2.261412,0.035500000000000004,12.814583500000001,0.3208335,0.11666700000000002
2020-11-07,5.05,13.63426,2.645102,0.040499999999999994,6.304167,0.1791665,0.00833299999999998
2020-11-08,7.533333333333334,12.701388,3.571102,0.039,6.593750166666666,0.2333333333333333,0.029167
2020-11-09,8.4,11.574074,1.024602,0.0305,18.375,0.458333,0.145833
2020-11-10,10.3,12.430556,1.065329,0.0345,23.0333335,0.591667,0.166667
2020-11-11,12.799999999999999,12.965279,0.801676,0.034999999999999996,25.958333333333332,0.6166666666666667,0.3
2020-11-12,17.15,13.516204,0.923856,0.040499999999999994,26.0,0.7958335,0.2875
2020-11-13,17.0,18.564814,1.5333279526563237,0.04,27.991667,0.708333,0.434783
2020-11-14,16.766666666666666,14.386574,1.08462,0.042833333333333334,21.038194333333333,0.5916666666666667,0.4875
2020-11-15,17.7,18.182869,0.900278,0.041,23.560417,1.0104165,0.529167
2020-11-16,8.25,21.86574,1.063185,0.031,30.3208335,0.63125,0.466667
2020-11-17,12.533333333333333,16.849537,1.016028,0.03866666666666666,29.76319433333333,0.6986111666666667,0.670833
2020-11-18,9.45,15.216931,1.48209,0.027999999999999997,11.6520835,0.2916665,0.220833
2020-11-19,15.100000000000001,15.641205,1.016028,0.027,16.135417,0.4,0.10416700000000001
2020-11-20,16.95,15.694445,0.715935,0.028999999999999998,29.061805500000002,0.751389,0.266667
2020-11-21,23.7,16.057871,0.606616,0.0325,26.947916499999998,1.1416665,0.2875
2020-11-22,30.299999999999997,14.622684,0.857408,0.0325,25.510417,1.0395835,0.354167
2020-11-23,23.133333333333336,13.743055,0.801676,0.03183333333333333,20.633333333333336,0.5340276666666667,0.07083299999999998
2020-11-24,19.55,14.886575,0.73737,0.036500000000000005,23.083333500000002,0.6166665,0.133333
2020-11-25,21.6,13.553241,0.820967,0.041499999999999995,22.022917,0.860417,0.178261
2020-11-26,17.25,14.557871,0.947435,0.0425,13.618055499999999,0.4430553333333333,0.11666700000000002
2020-11-27,18.7,13.037038,0.863838,0.0275,23.50625,0.9416665,0.279167
2020-11-28,14.2,14.613427,0.943148,0.033,25.331249999999997,0.8208335,0.358333
2020-11-29,9.516666666666666,14.569444,0.833829,0.03916666666666666,20.3625,0.5743055,0.233333
2020-11-30,12.35,15.138889,0.769523,0.024,30.13125,1.027083,0.320833
2020-12-01,21.7,14.842593,0.512301,0.012,37.575,1.566667,1.0179503864244719
2020-12-02,17.68,14.935184,0.550884,0.0268,33.1568332,0.8906666,0.7611109999999999
2020-12-03,35.8,14.969907,0.921713,0.033,36.929167,1.733333,0.9982994581884351
2020-12-04,14.8,13.842593,0.760949,0.0305,31.65625,0.9895835000000001,0.3
2020-12-05,19.150000000000002,13.099537,0.570176,0.029,29.916666666666668,0.9034721666666666,0.541667
2020-12-06,15.3,12.951389500000001,1.5333279526563237,0.039,26.708333,0.783333,0.329167
2020-12-07,15.5,14.3005965,1.5333279526563237,0.006,38.6875,1.15,0.625
2020-12-08,7.779999999999999,17.627315000000003,1.5333279526563237,0.030199999999999998,23.0308332,0.5133333999999999,0.529167
2020-12-09,14.8,15.837962,1.04175,0.031,28.2820835,0.7941665,0.404167
2020-12-10,17.45,12.518518,1.189653,0.0295,24.643531,0.638706,0.195833
2020-12-11,20.75,12.034721,0.77381,0.034499999999999996,18.628545166666665,0.5459795,0.091667
2020-12-12,28.25,12.872685,1.095338,0.0285,19.3375,0.81875,0.10416700000000001
2020-12-13,12.899999999999999,14.460649,1.046037,0.0345,16.189583,0.525,0.07083299999999998
2020-12-14,7.716666666666666,14.729168,1.496176,0.031166666666666665,15.572916666666666,0.3722221666666667,0.145833
2020-12-15,28.7,13.074074,1.009597,0.027,25.329167,1.016667,0.6453432488618374
2020-12-16,13.5,13.645834,0.750231,0.0225,29.991667,0.945833,0.295833
2020-12-17,13.219999999999999,12.511574,1.043894,0.027600000000000003,23.6283334,0.7116668,0.3375
2020-12-18,20.55,13.05787,1.016028,0.0275,24.1729165,0.9166670000000001,0.225
2020-12-19,10.8,14.189816,1.5333279526563237,0.031,26.433333,0.720833,0.279167
2020-12-20,8.040000000000001,13.333334,1.5333279526563237,0.0408,20.825,0.5533332,0.258333
2020-12-21,7.7,15.138889,1.5333279526563237,0.033,29.9875,0.7,0.366667
2020-12-22,20.2,13.745372,0.975301,0.026000000000000002,26.895833500000002,0.70625,0.329167
2020-12-23,25.2,14.858797,0.805963,0.019,27.632323333333332,0.7034090000000001,0.2
2020-12-24,10.4,14.543983,1.333269,0.015,26.214582999999998,0.5270835,0.145833
2020-12-25,14.950000000000001,14.754631,1.140352,0.033,14.070833,0.525,0.1
2020-12-26,18.259999999999998,12.951389,0.84669,0.034199999999999994,18.3133332,0.6466666,0.183333
2020-12-27,19.6,14.050927,1.5333279526563237,0.031,12.8625,0.375,0.037500000000000006
2020-12-28,2.8,13.148149,1.5333279526563237,0.033,9.591667,0.208333,0.0
2020-12-29,4.82,9.988426,1.5333279526563237,0.030199999999999998,15.7824998,0.3691668,0.104348
2020-12-30,16.35,11.3125,0.745944,0.026500000000000003,24.9395835,1.0,0.254167
